{
    "activity": 62728,
    "anchor": 62729,
    "aside": 61697,
    "attachment": 62486,
    "audio-mute": 61812,
    "audio": 61705,
    "bold": 62577,
    "book": 62532,
    "bug": 62730,
    "cart": 62535,
    "category": 62209,
    "chat": 61704,
    "checkmark": 62488,
    "close-alt": 62470,
    "close": 62469,
    "cloud-download": 62528,
    "cloud-upload": 62529,
    "cloud": 62502,
    "code": 62562,
    "cog": 62533,
    "collapse": 62514,
    "comment": 62208,
    "day": 62213,
    "document": 62531,
    "download": 62731,
    "edit": 62481,
    "ellipsis": 62582,
    "expand": 62513,
    "external": 62530,
    "fastforward": 62552,
    "feed": 62483,
    "flag": 62568,
    "fullscreen": 62580,
    "gallery": 61699,
    "heart": 62561,
    "help": 62551,
    "hide": 62468,
    "hierarchy": 62725,
    "home": 62473,
    "image": 61698,
    "info": 62549,
    "italic": 62578,
    "key": 62503,
    "link": 61703,
    "location": 62487,
    "lock": 62576,
    "mail": 62480,
    "menu": 62489,
    "microphone": 62733,
    "minus": 62734,
    "month": 62215,
    "move": 62735,
    "next": 62505,
    "notice": 62550,
    "paintbrush": 62726,
    "pause": 62536,
    "phone": 62519,
    "picture": 62579,
    "pinned": 62216,
    "play": 62546,
    "plugin": 62521,
    "plus": 62736,
    "previous": 62512,
    "print": 62569,
    "quote": 61702,
    "refresh": 62496,
    "reply": 62566,
    "rewind": 62553,
    "search": 62464,
    "send-to-phone": 62520,
    "send-to-tablet": 62548,
    "share": 62485,
    "show": 62467,
    "shuffle": 62740,
    "sitemap": 62727,
    "skip-ahead": 62545,
    "skip-back": 62544,
    "spam": 62500,
    "standard": 61696,
    "star-empty": 62737,
    "star-half": 62739,
    "star": 62472,
    "status": 61701,
    "stop": 62537,
    "subscribe": 62563,
    "subscribed": 62565,
    "summary": 62501,
    "tablet": 62547,
    "tag": 62210,
    "time": 62211,
    "top": 62517,
    "trash": 62471,
    "unapprove": 62534,
    "unsubscribe": 62564,
    "unzoom": 62465,
    "user": 62212,
    "video": 61700,
    "videocamera": 62743,
    "warning": 62484,
    "website": 62581,
    "week": 62214,
    "xpost": 62724,
    "zoom": 62466
}